source_id,fce,id,county
,,A6260,SAINT CLAIR
,,N6769,SAINT CLAIR
,,P1024,KENT
,,P1089,JACKSON
,,P1015,IRON
,,P1030,WAYNE
,,P1147,WAYNE
,,P1029,KALAMAZOO
,,P1090,KENT
,,P0998,TUSCOLA
,,P1083,MACKINAC
,,P1091,OAKLAND
,,P1112,OAKLAND
,,P1000,TUSCOLA
,,P1016,MONROE
,,P1005,OAKLAND
,,N5696,MACOMB
,,P1160,MACOMB
,,N7711,SAINT CLAIR
,,B6379,MACOMB
,,N0700,MACOMB
,,N5691,MACOMB
,,N7011,SAINT CLAIR
,,P0288,MACOMB
,,N7535,MACOMB
,,N7039,MACOMB
,,N0146,MACOMB
,,B6501,MACOMB
,,P1217,OAKLAND
,,B7773,OAKLAND
,,N6385,SAINT CLAIR
,,N7977,OAKLAND
,,N8193,OAKLAND
,,P0113,OAKLAND
,,N6594,OAKLAND
,,M4226,MACOMB
,,N7548,MACOMB
,,P1223,MACOMB
,,N7496,MACOMB
,,P0993,MACOMB
,,P1195,MACOMB
,,N5766,MACOMB
,,N7369,MACOMB
,,M3511,MACOMB
,,N5767,MACOMB
,,N3686,MACOMB
,,N7745,MACOMB
,,M3517,MACOMB
,,N7219,SAINT CLAIR
,,B2813,SAINT CLAIR
,,N6905,SAINT CLAIR
,,N5989,SAINT CLAIR
,,N7411,SAINT CLAIR
,,N3337,SAINT CLAIR
,,A3238,SAINT CLAIR
,,P0457,MACOMB
,,N7546,MACOMB
,,N6509,MACOMB
,,N8279,MACOMB
,,N3308,MACOMB
,,F2181,MACOMB
,,N6908,MACOMB
,,N6938,MACOMB
,,N1202,MACOMB
,,P0303,MACOMB
,,P0885,MACOMB
,,B6425,MACOMB
,,P1034,SAINT CLAIR
,,N5722,MACOMB
,,N5706,MACOMB
,,N7705,MACOMB
,,P1021,MACOMB
,,P0187,SAINT CLAIR
,,N4013,SAINT CLAIR
,,P0782,SAINT CLAIR
,,B7281,SAINT CLAIR
,,N8183,SAINT CLAIR
,,P0865,SAINT CLAIR
,,A6237,SAINT CLAIR
,,N5671,SAINT CLAIR
,,N3255,SAINT CLAIR
,,N8020,SAINT CLAIR
,,N3277,SAINT CLAIR
,,B8626,SAINT CLAIR
,,P1213,SAINT CLAIR
,,P1214,SAINT CLAIR
,,P1159,VAN BUREN
,,P0746,SAINT CLAIR
,,P0414,MACOMB
,,B2869,MACOMB
,,N5718,MACOMB
,,B6273,MACOMB
,,B3000,MACOMB
,,B1774,MACOMB
,,N3837,MACOMB
,,N8010,MACOMB
,,N7896,MACOMB
,,N6658,MACOMB
,,N8008,OAKLAND
,,M4023,OAKLAND
,,N0072,OAKLAND
,,N8262,OAKLAND
,,P0586,OAKLAND
,,N6434,OAKLAND
,,N3023,OAKLAND
,,A4744,OAKLAND
,,P0367,OAKLAND
,,A5159,OAKLAND
,,P0609,OAKLAND
,,N7153,OAKLAND
,,N7318,OAKLAND
,,N2038,OAKLAND
,,K2800,OAKLAND
,,P0560,OAKLAND
,,G5059,OAKLAND
,,N5753,OAKLAND
,,P0932,OAKLAND
,,P0424,OAKLAND
,,P0498,SAINT CLAIR
,,P0233,OAKLAND
,,N6622,OAKLAND
,,N7889,OAKLAND
,,P1145,OAKLAND
,,N8251,OAKLAND
,,N2781,SAINT CLAIR
,,N3842,SAINT CLAIR
,,N6984,SAINT CLAIR
,,P1199,MACOMB
,,N7528,SAINT CLAIR
,,N0465,MACOMB
,,N7553,MACOMB
,,P0996,MACOMB
,,N8014,OAKLAND
,,P0243,OAKLAND
,,N1927,OAKLAND
,,N2460,OAKLAND
,,P0824,WAYNE
,,N2830,OAKLAND
,,N6623,OAKLAND
,,N2440,OAKLAND
,,N2785,OAKLAND
,,N7646,OAKLAND
,,N5637,OAKLAND
,,N5749,OAKLAND
,,N7417,MACOMB
,,N6823,GENESEE
,,P0289,MACOMB
,,A3301,MACOMB
,,A4750,MACOMB
,,B6660,MACOMB
,,B7162,MACOMB
,,B8693,MACOMB
,,N7787,MACOMB
,,B6177,MACOMB
,,P1146,BAY
,,B5657,MACOMB
,,P0790,MACOMB
,,N1331,MACOMB
,,B6569,MACOMB
,,P0413,MACOMB
,,B7800,MACOMB
,,N7861,MACOMB
,,N3644,MACOMB
,,M3526,MACOMB
,,N7248,MACOMB
,,N8044,MACOMB
,,P0994,MACOMB
,,N0503,OAKLAND
,,N2528,OAKLAND
,,M3429,OAKLAND
,,N3987,OAKLAND
,,B2956,WAYNE
,,N6514,WASHTENAW
,,P0343,WASHTENAW
,,N5437,WASHTENAW
,,B8874,WASHTENAW
,,N6926,WASHTENAW
,,P0373,WASHTENAW
,,P0218,WASHTENAW
,,N7841,WASHTENAW
,,N8278,WASHTENAW
,,B2060,WASHTENAW
,,P0116,WASHTENAW
,,M3653,WASHTENAW
,,M3749,WAYNE
,,B8994,WAYNE
,,N7644,WASHTENAW
,,B3101,WAYNE
,,P0379,WAYNE
,,N8335,LIVINGSTON
,,P1103,LIVINGSTON
,,N2311,LIVINGSTON
,,P0821,LIVINGSTON
,,B8642,LIVINGSTON
,,N6932,LIVINGSTON
,,P0552,MONROE
,,N7340,WAYNE
,,B3534,WAYNE
,,P0460,WAYNE
,,B5434,WAYNE
,,N7641,WAYNE
,,M3754,WAYNE
,,B4734,WAYNE
,,N8024,WAYNE
,,N8080,WAYNE
,,P0207,WAYNE
,,M4260,WAYNE
,,B9080,WAYNE
,,N8026,WAYNE
,,M4798,WAYNE
,,P0487,WAYNE
,,N1119,WASHTENAW
,,N1793,WASHTENAW
,,P1165,WAYNE
,,P1189,MONROE
,,P1197,MONROE
,,N5436,MONROE
,,N6283,MONROE
,,N6045,MONROE
,,N6665,MONROE
,,P1174,MONROE
,,P0656,MONROE
,,P1018,MONROE
,,P0635,MONROE
,,P1151,MONROE
,,B7006,MONROE
,,F5756,MONROE
,,K7643,WAYNE
,,N8235,WAYNE
,,P0097,MACOMB
,,N7314,WAYNE
,,B3234,WAYNE
,,N8238,MONROE
,,N7214,MONROE
,,N8033,WAYNE
,,P0576,WAYNE
,,N7880,WAYNE
,,N7257,WAYNE
,,M4313,WAYNE
,,P0638,WAYNE
,,P1210,WAYNE
,,H9647,WAYNE
,,M4209,WAYNE
,,B4626,WAYNE
,,B5826,WAYNE
,,N8090,WAYNE
,,B3316,WAYNE
,,M3833,WAYNE
,,M3499,WAYNE
,,P1149,WAYNE
,,P0119,WAYNE
,,P0974,WAYNE
,,N7075,MONROE
,,P0925,WASHTENAW
,,N8250,WASHTENAW
,,A6714,WASHTENAW
,,B6622,MONROE
,,P0910,MONROE
,,N7012,MONROE
,,N6543,MONROE
,,A4074,MONROE
,,N6169,MONROE
,,P1170,MONROE
,,M4406,WAYNE
,,P0810,WAYNE
,,P0624,OAKLAND
,,N8339,OAKLAND
,,N2712,OAKLAND
,,N8144,OAKLAND
,,P0763,OAKLAND
,,N8285,BERRIEN
,,P0474,MONROE
,,N3597,MONROE
,,N7633,WAYNE
,,P1031,LIVINGSTON
,,M4787,WAYNE
,,P0701,WAYNE
,,P0997,WAYNE
,,A8448,WAYNE
,,P1010,WAYNE
,,N7110,WAYNE
,,M4639,WAYNE
,,N7616,WAYNE
,,N8179,WAYNE
,,P1143,WAYNE
,,N7512,WAYNE
,,N7632,WAYNE
,,M4853,WAYNE
,,P0766,WAYNE
,,N7642,WAYNE
,,N7904,WAYNE
,,M4407,WAYNE
,,M4558,WAYNE
,,N3024,WAYNE
,,B5815,WAYNE
,,M4074,WAYNE
,,N7245,WAYNE
,,B2658,WAYNE
,,N7836,WAYNE
,,P1092,WAYNE
,,M4796,WAYNE
,,P1238,WAYNE
,,P1119,WAYNE
,,B5451,WAYNE
,,N0761,WASHTENAW
,,N7618,MONROE
,,B6447,MONROE
,,N2627,MONROE
,,N5241,MONROE
,,N6837,MONROE
,,P0621,WAYNE
,,M4314,WAYNE
,,B2988,WAYNE
,,P0559,WAYNE
,,P0494,WAYNE
,,N8300,WAYNE
,,N4956,WAYNE
,,P0348,WAYNE
,,P0754,WAYNE
,,N6368,WAYNE
,,N7491,WAYNE
,,N7602,WAYNE
,,N7622,WAYNE
,,P0660,MONROE
,,P0250,WAYNE
,,P0731,WAYNE
,,K1260,WAYNE
,,N5861,WAYNE
,,P0979,WAYNE
,,N8006,WAYNE
,,K9207,WAYNE
,,N7161,WAYNE
,,N7066,WAYNE
,,M4756,WAYNE
,,P0083,WAYNE
,,N5144,WAYNE
,,N8037,WAYNE
,,P0071,WAYNE
,,M4132,WAYNE
,,P1106,WAYNE
,,N0516,WAYNE
,,N7109,WAYNE
,,N1022,WAYNE
,,N5596,WASHTENAW
,,N7891,LIVINGSTON
,,M4429,WAYNE
,,N7605,WAYNE
,,B2118,WAYNE
,,P0167,WASHTENAW
,,P0703,WASHTENAW
,,P1128,WASHTENAW
,,N6636,WASHTENAW
,,N7747,WASHTENAW
,,B6016,WASHTENAW
,,N2474,WASHTENAW
,,N7156,WASHTENAW
,,N7866,WASHTENAW
,,N5780,WASHTENAW
,,N7669,WAYNE
,,B2576,WASHTENAW
,,P0776,WASHTENAW
,,B2629,WASHTENAW
,,M4704,WAYNE
,,A8087,WAYNE
,,N8089,WAYNE
,,P0224,WAYNE
,,N8021,WAYNE
,,N8164,WAYNE
,,B4369,WAYNE
,,N7845,WAYNE
,,M3733,WAYNE
,,N8316,WAYNE
,,M4112,WAYNE
,,N8078,WAYNE
,,N8029,WAYNE
,,N8237,WAYNE
,,P0472,WAYNE
,,M3727,WAYNE
,,M4456,WAYNE
,,N8022,WAYNE
,,H6483,WAYNE
,,N7159,WAYNE
,,N8023,WAYNE
,,P0999,GENESEE
,,M2369,WAYNE
,,P1038,WAYNE
,,P0947,WAYNE
,,B4847,WAYNE
,,M4718,WAYNE
,,P1142,WAYNE
,,B8763,WAYNE
,,P0305,WAYNE
,,N7584,WAYNE
,,B2159,WAYNE
,,M4626,WAYNE
,,P0453,WAYNE
,,B2150,WAYNE
,,A8005,WAYNE
,,M4185,WAYNE
,,B3259,WAYNE
,,M4323,WAYNE
,,N0703,WAYNE
,,B2371,WAYNE
,,K0291,WAYNE
,,P1004,WAYNE
,,N7359,WAYNE
,,M4445,WAYNE
,,B2162,WAYNE
,,P0356,WAYNE
,,P0431,WAYNE
,,B6511,WAYNE
,,P0592,WAYNE
,,M4685,WAYNE
,,B4752,WAYNE
,,N7704,WAYNE
,,N8019,WAYNE
,,P1101,WAYNE
,,N7742,WAYNE
,,P0030,WAYNE
,,B4354,WAYNE
,,M3860,WAYNE
,,N8049,WAYNE
,,A9805,OAKLAND
,,N6447,OAKLAND
,,P0438,WAYNE
,,M4785,WAYNE
,,P0357,WAYNE
,,N7471,WAYNE
,,B2273,WAYNE
,,N0373,WAYNE
,,N6373,WAYNE
,,N0305,WAYNE
,,A7513,WAYNE
,,M4577,WAYNE
,,N7598,WAYNE
,,P0092,WAYNE
,,N5174,OAKLAND
,,N8184,OAKLAND
,,P0080,OAKLAND
,,A8831,WAYNE
,,P0329,WAYNE
,,P0150,WAYNE
,,B4785,WAYNE
,,B5038,WAYNE
,,N7515,OAKLAND
,,B8907,OAKLAND
,,N8139,OAKLAND
,,N5497,OAKLAND
,,N1165,OAKLAND
,,N1333,OAKLAND
,,P0530,OAKLAND
,,P0292,OAKLAND
,,P0007,OAKLAND
,,N7392,MACOMB
,,N6875,MACOMB
,,N0101,MACOMB
,,P0226,MACOMB
,,N8009,MACOMB
,,N7770,MACOMB
,,N3175,MACOMB
,,N5779,MACOMB
,,N5145,MACOMB
,,N1120,MACOMB
,,P1230,MACOMB
,,N0989,MACOMB
,,N7187,MACOMB
,,N7426,MACOMB
,,O1448,MACOMB
,,N6859,MACOMB
,,P0957,MACOMB
,,P0005,MACOMB
,,P1131,MACOMB
,,P1002,MACOMB
,,B7346,MACOMB
,,B1778,MACOMB
,,P1020,MACOMB
,,N8236,MACOMB
,,N8051,MACOMB
,,B4131,MACOMB
,,N8007,OAKLAND
,,P0430,OAKLAND
,,N2674,OAKLAND
,,P0913,OAKLAND
,,N5507,OAKLAND
,,N7796,OAKLAND
,,P0347,OAKLAND
,,N5490,OAKLAND
,,N5505,OAKLAND
,,N7741,OAKLAND
,,N7339,OAKLAND
,,N2332,OAKLAND
,,P0924,OAKLAND
,,N1489,OAKLAND
,,P0565,OAKLAND
,,N3171,OAKLAND
,,N7864,OAKLAND
,,N6494,OAKLAND
,,N6212,OAKLAND
,,P0236,OAKLAND
,,B4745,WAYNE
,,N7414,OAKLAND
,,N7551,OAKLAND
,,N7727,OAKLAND
,,N7804,OAKLAND
,,N7571,OAKLAND
,,P0121,OAKLAND
,,N0007,OAKLAND
,,F9158,OAKLAND
,,N6650,OAKLAND
,,P0301,OAKLAND
,,N5551,OAKLAND
,,N6726,OAKLAND
,,N3768,OAKLAND
,,N3156,OAKLAND
,,N7096,OAKLAND
,,P0451,OAKLAND
,,P0923,OAKLAND
,,P0603,OAKLAND
,,P0420,OAKLAND
,,N8013,OAKLAND
,,P0714,OAKLAND
,,N5076,OAKLAND
,,A4420,OAKLAND
,,P0120,OAKLAND
,,P0588,OAKLAND
,,P1154,OAKLAND
,,N7051,OAKLAND
,,N8059,OAKLAND
,,P0733,OAKLAND
,,N2070,OAKLAND
,,N2723,OAKLAND
,,N7601,OAKLAND
,,N7375,OAKLAND
,,N2631,OAKLAND
,,B7348,OAKLAND
,,N8273,OAKLAND
,,N6975,OAKLAND
,,N8312,OAKLAND
,,P0772,OAKLAND
,,P0734,OAKLAND
,,N7847,OAKLAND
,,M4232,OAKLAND
,,N7497,OAKLAND
,,P0956,OAKLAND
,,M4067,OAKLAND
,,N7440,OAKLAND
,,P0382,OAKLAND
,,B6415,OAKLAND
,,N7379,OAKLAND
,,P0945,OAKLAND
,,P1136,OAKLAND
,,P0801,OAKLAND
,,P0982,OAKLAND
,,A5260,OAKLAND
,,N6374,OAKLAND
,,N0649,OAKLAND
,,N7809,OAKLAND
,,P0727,OAKLAND
,,N8290,HURON
,,P0695,SANILAC
,,N1521,SANILAC
,,P0889,LAPEER
,,P0520,SANILAC
,,N7151,LAPEER
,,P1133,KENT
,,P0764,GENESEE
,,P0580,GENESEE
,,N7398,OAKLAND
,,P0078,GENESEE
,,N2664,GENESEE
,,N3640,SANILAC
,,A6466,SANILAC
,,N3989,LAPEER
,,P0526,SHIAWASSEE
,,B7530,GENESEE
,,N7678,LIVINGSTON
,,N6565,HILLSDALE
,,P1121,GENESEE
,,N7666,OAKLAND
,,N7627,GENESEE
,,N7215,GENESEE
,,N7799,GENESEE
,,B1633,HURON
,,N1705,GENESEE
,,P0041,GENESEE
,,P1191,GENESEE
,,N7552,GENESEE
,,N5983,GENESEE
,,P0523,OAKLAND
,,B1945,OAKLAND
,,N3328,LAPEER
,,B4977,LAPEER
,,P0027,LAPEER
,,M1860,HURON
,,N7405,IONIA
,,P0455,LAPEER
,,P0907,LAPEER
,,N7835,LAPEER
,,P0502,LAPEER
,,N7243,LAPEER
,,N6354,LAPEER
,,P0325,SHIAWASSEE
,,N7942,LAPEER
,,P1192,SANILAC
,,N7768,LAPEER
,,A6436,LAPEER
,,N8167,GENESEE
,,N6830,LAPEER
,,P0539,LAPEER
,,P0755,LAPEER
,,N7288,LAPEER
,,P0463,SANILAC
,,P0462,MACOMB
,,P0456,HURON
,,P0488,HURON
,,N8271,HURON
,,P0679,HURON
,,P0798,SANILAC
,,P1176,SANILAC
,,P1206,SANILAC
,,N2710,HURON
,,N6968,HURON
,,N8028,GENESEE
,,P1164,GENESEE
,,M4173,GENESEE
,,N8325,GENESEE
,,P1171,GENESEE
,,N0026,GENESEE
,,N2150,GENESEE
,,N5211,GENESEE
,,D2044,GENESEE
,,N7710,GENESEE
,,P1148,GENESEE
,,N1366,GENESEE
,,B7355,GENESEE
,,P0126,GENESEE
,,P1122,GENESEE
,,N6593,GENESEE
,,N7345,GENESEE
,,N3718,GENESEE
,,B6004,GENESEE
,,N8296,GENESEE
,,N7625,GENESEE
,,N7635,GENESEE
,,N7858,GENESEE
,,N7737,GENESEE
,,D3699,GENESEE
,,P0476,WEXFORD
,,M1952,SAGINAW
,,N5324,SAGINAW
,,N8036,SAGINAW
,,N7797,SAGINAW
,,B1995,SAGINAW
,,K2899,SAGINAW
,,M1954,SAGINAW
,,N8052,SAGINAW
,,N8343,SAGINAW
,,N5209,SAGINAW
,,N7168,SAGINAW
,,N8310,SAGINAW
,,P0813,SAGINAW
,,N6325,SAGINAW
,,N6709,SAGINAW
,,B7160,SAGINAW
,,N7136,SAGINAW
,,B4022,BAY
,,P0840,GLADWIN
,,P0271,GLADWIN
,,P1111,CLARE
,,N8002,CLARE
,,P0983,BAY
,,N1314,GLADWIN
,,P0190,GLADWIN
,,P0751,CLARE
,,P0146,CLARE
,,N7973,CLARE
,,N5875,SAGINAW
,,N6749,ROSCOMMON
,,P0370,ROSCOMMON
,,P0506,LEELANAU
,,P0485,BAY
,,P0483,BAY
,,P0482,BAY
,,N8085,BAY
,,N6498,BAY
,,N1703,SAGINAW
,,N8056,MIDLAND
,,A4027,MIDLAND
,,P0197,MIDLAND
,,P0269,MIDLAND
,,N5488,MIDLAND
,,P0555,MIDLAND
,,P0461,SAGINAW
,,P1098,BAY
,,N8288,BAY
,,N1359,ROSCOMMON
,,B1988,ROSCOMMON
,,N3900,SAGINAW
,,N6306,MIDLAND
,,N1350,MIDLAND
,,N2133,OGEMAW
,,P1080,OGEMAW
,,M2711,OGEMAW
,,N7365,OGEMAW
,,P1028,MIDLAND
,,P1027,MIDLAND
,,P1025,MIDLAND
,,N8317,TUSCOLA
,,N7955,TUSCOLA
,,P0142,TUSCOLA
,,P0200,TUSCOLA
,,P0169,TUSCOLA
,,P0242,TUSCOLA
,,P0493,TUSCOLA
,,N8275,TUSCOLA
,,N8276,TUSCOLA
,,N7954,TUSCOLA
,,N0963,TUSCOLA
,,N2259,TUSCOLA
,,P0199,TUSCOLA
,,P0202,TUSCOLA
,,P0286,TUSCOLA
,,N7329,BAY
,,N7331,BAY
,,N1832,BAY
,,N7108,BAY
,,N8155,BAY
,,N6628,BAY
,,N0793,BAY
,,N3247,BAY
,,N0940,BAY
,,A0233,BAY
,,P0001,BAY
,,B4944,HURON
,,N5052,TUSCOLA
,,P1205,HURON
,,N6671,TUSCOLA
,,P0388,TUSCOLA
,,N3592,IOSCO
,,P0607,TUSCOLA
,,N7290,TUSCOLA
,,N7588,TUSCOLA
,,N8175,TUSCOLA
,,N6338,TUSCOLA
,,N7914,IOSCO
,,N7240,IOSCO
,,P0327,IOSCO
,,N7378,IOSCO
,,A1453,HURON
,,N8253,HURON
,,N7278,HURON
,,P0619,TUSCOLA
,,P0628,TUSCOLA
,,N8181,ALCONA
,,N1488,IOSCO
,,N5963,IOSCO
,,N6355,IOSCO
,,B4102,IOSCO
,,B4350,TUSCOLA
,,B7748,TUSCOLA
,,N1327,TUSCOLA
,,P0562,MISSAUKEE
,,N3188,IOSCO
,,D6315,GRATIOT
,,A1346,GRATIOT
,,N7951,GRATIOT
,,B2864,GRATIOT
,,P0691,IONIA
,,B1650,IONIA
,,M4235,IONIA
,,P0676,IONIA
,,F6726,MONTCALM
,,N3140,EATON
,,B6189,EATON
,,N6818,EATON
,,N0823,EATON
,,N6363,SHIAWASSEE
,,P0307,SHIAWASSEE
,,N6654,INGHAM
,,P1087,EATON
,,N7842,CLINTON
,,A1588,INGHAM
,,M3883,INGHAM
,,P1114,WAYNE
,,P0725,EATON
,,N3677,EATON
,,N7241,EATON
,,P0973,EATON
,,P0704,EATON
,,D1208,INGHAM
,,B2786,MONTCALM
,,N7347,MONTCALM
,,P1166,GRATIOT
,,N6707,LIVINGSTON
,,N6662,LIVINGSTON
,,N7397,LIVINGSTON
,,N8260,LIVINGSTON
,,P0773,LIVINGSTON
,,N7823,MONTMORENCY
,,N7297,EATON
,,B7349,EATON
,,P0538,MONTCALM
,,P1152,MONTCALM
,,B7288,MONTCALM
,,P0980,MONTCALM
,,N7384,MONTCALM
,,N8280,MONTCALM
,,N5298,INGHAM
,,P0550,INGHAM
,,P1167,INGHAM
,,B2303,LIVINGSTON
,,N7368,LIVINGSTON
,,P0825,LIVINGSTON
,,N5219,LIVINGSTON
,,P1081,LIVINGSTON
,,N1514,LIVINGSTON
,,B5152,IONIA
,,P0732,IONIA
,,N7125,IONIA
,,N0923,IONIA
,,P0898,SHIAWASSEE
,,N7145,BARRY
,,N2199,IONIA
,,P0541,IONIA
,,N5948,INGHAM
,,N8053,INGHAM
,,N5663,INGHAM
,,P1193,GRATIOT
,,P0436,GRATIOT
,,N6703,ISABELLA
,,N6843,INGHAM
,,P1150,ISABELLA
,,N5974,ISABELLA
,,N5976,ISABELLA
,,P0138,ISABELLA
,,P0156,ISABELLA
,,P0806,ISABELLA
,,N2344,ISABELLA
,,N6624,ISABELLA
,,N8066,SHIAWASSEE
,,N7932,SHIAWASSEE
,,N0022,SHIAWASSEE
,,N7887,SHIAWASSEE
,,P0590,SHIAWASSEE
,,P0623,SHIAWASSEE
,,B0070,SHIAWASSEE
,,N7296,SHIAWASSEE
,,P0531,SHIAWASSEE
,,N1340,IONIA
,,P0678,SHIAWASSEE
,,N2157,IONIA
,,N8189,ISABELLA
,,N7432,CLINTON
,,N7232,CLINTON
,,N7746,CLINTON
,,N7361,CLINTON
,,P0949,CLINTON
,,A0859,CLINTON
,,B2866,CLINTON
,,P0681,CLINTON
,,N6913,CLINTON
,,N6914,CLINTON
,,P0954,CLINTON
,,N7757,IONIA
,,P0247,IONIA
,,N6821,IONIA
,,P0604,IONIA
,,P1157,IONIA
,,B7905,MONTCALM
,,P0629,EATON
,,P0767,MONTCALM
,,N0863,INGHAM
,,P0215,ISABELLA
,,N8261,INGHAM
,,N1790,INGHAM
,,P0290,CLINTON
,,N6400,INGHAM
,,N7035,CLINTON
,,N7077,INGHAM
,,P0144,INGHAM
,,N7138,CLINTON
,,P0105,INGHAM
,,P0103,INGHAM
,,P1123,INGHAM
,,N1162,INGHAM
,,P0765,INGHAM
,,P0951,INGHAM
,,N7614,INGHAM
,,A1614,INGHAM
,,N7911,INGHAM
,,N7158,INGHAM
,,P0330,INGHAM
,,N8176,INGHAM
,,P0032,INGHAM
,,N7759,INGHAM
,,N7191,INGHAM
,,B5214,INGHAM
,,P0011,INGHAM
,,N0478,INGHAM
,,N7269,EATON
,,N7272,EATON
,,N7931,EATON
,,B5393,EATON
,,B1639,INGHAM
,,N8011,INGHAM
,,E4168,KALAMAZOO
,,N7195,KALAMAZOO
,,P0447,KALAMAZOO
,,N7298,KALAMAZOO
,,B1692,KALAMAZOO
,,B0118,KALAMAZOO
,,P0279,KALAMAZOO
,,E2842,KALAMAZOO
,,N7570,KALAMAZOO
,,B7149,KALAMAZOO
,,P0425,KALAMAZOO
,,N7127,KALAMAZOO
,,N1396,KALAMAZOO
,,A2005,KALAMAZOO
,,B1679,KALAMAZOO
,,P0926,KALAMAZOO
,,N7785,KALAMAZOO
,,E4169,KALAMAZOO
,,B7546,KALAMAZOO
,,B7990,KALAMAZOO
,,B1696,KALAMAZOO
,,N6980,KALAMAZOO
,,N5998,KALAMAZOO
,,P1135,KALAMAZOO
,,N1317,KALAMAZOO
,,P0946,KALAMAZOO
,,N8298,KALAMAZOO
,,P1129,ALLEGAN
,,B7276,ALLEGAN
,,N6727,ALLEGAN
,,B6256,ALLEGAN
,,P0897,ALLEGAN
,,P0254,ALLEGAN
,,N7595,ALLEGAN
,,N8330,CALHOUN
,,N7893,CALHOUN
,,N8322,CALHOUN
,,P0716,CALHOUN
,,N2074,CALHOUN
,,N7968,CALHOUN
,,P0213,CALHOUN
,,P0252,CALHOUN
,,N6337,CALHOUN
,,N3655,CALHOUN
,,N5686,CALHOUN
,,A0614,CALHOUN
,,M3430,CALHOUN
,,N8313,CALHOUN
,,N5720,EATON
,,P0340,BERRIEN
,,P0312,BERRIEN
,,N3694,BERRIEN
,,A0404,BERRIEN
,,B8400,BERRIEN
,,N2802,BERRIEN
,,N0630,BERRIEN
,,N6422,BERRIEN
,,B1501,BERRIEN
,,A0301,BERRIEN
,,N0931,BERRIEN
,,N5540,BERRIEN
,,N1686,BERRIEN
,,N7979,VAN BUREN
,,A0547,BRANCH
,,N7255,BRANCH
,,P0862,BRANCH
,,N2777,SAINT JOSEPH
,,N7130,BRANCH
,,P0521,BRANCH
,,B1526,BRANCH
,,A0531,BRANCH
,,B3019,BRANCH
,,N6885,BRANCH
,,N7638,BERRIEN
,,N5891,BERRIEN
,,N1250,SAINT JOSEPH
,,P0495,SAINT JOSEPH
,,N7849,SAINT JOSEPH
,,N8245,SAINT JOSEPH
,,B7549,SAINT JOSEPH
,,B4096,SAINT JOSEPH
,,M3654,VAN BUREN
,,N3983,VAN BUREN
,,A0749,CASS
,,P0060,CASS
,,P0044,CASS
,,N5959,CASS
,,B3640,CASS
,,B1557,CASS
,,P1007,KALAMAZOO
,,N7390,KALAMAZOO
,,P1130,KALAMAZOO
,,P0669,KALAMAZOO
,,P0516,KALAMAZOO
,,N2286,KALAMAZOO
,,P0422,VAN BUREN
,,N6804,VAN BUREN
,,P0411,VAN BUREN
,,N7805,BARRY
,,B8069,BARRY
,,A0171,BARRY
,,C2612,BARRY
,,N6334,CASS
,,P0009,LENAWEE
,,P1201,CALHOUN
,,P0884,CALHOUN
,,N7783,CALHOUN
,,N7231,CALHOUN
,,N7166,CALHOUN
,,N3111,CALHOUN
,,N5140,ALLEGAN
,,P1102,VAN BUREN
,,P0372,VAN BUREN
,,P0509,SAINT JOSEPH
,,P1032,KALAMAZOO
,,A6630,VAN BUREN
,,N3146,VAN BUREN
,,P0567,BERRIEN
,,N7070,BRANCH
,,A0556,BRANCH
,,N7724,BRANCH
,,P0820,BRANCH
,,N6959,BRANCH
,,N7132,BRANCH
,,N7448,BERRIEN
,,N7772,BERRIEN
,,N5969,BERRIEN
,,A9856,BERRIEN
,,A0394,BERRIEN
,,B2404,BERRIEN
,,N8068,BERRIEN
,,N7247,BERRIEN
,,A0357,BERRIEN
,,N8283,BERRIEN
,,N7211,KALAMAZOO
,,N6301,VAN BUREN
,,P0778,VAN BUREN
,,N7829,SAINT JOSEPH
,,P0816,SAINT JOSEPH
,,A6405,SAINT JOSEPH
,,N1152,SAINT JOSEPH
,,B4372,SAINT JOSEPH
,,N7309,SAINT JOSEPH
,,B2018,SAINT JOSEPH
,,N7073,SAINT JOSEPH
,,N7540,SAINT JOSEPH
,,N7103,SAINT JOSEPH
,,B6633,SAINT JOSEPH
,,B7985,SAINT JOSEPH
,,N2080,SAINT JOSEPH
,,A6417,SAINT JOSEPH
,,N3233,SAINT JOSEPH
,,N8328,CASS
,,N6988,SAINT JOSEPH
,,B8119,SAINT JOSEPH
,,N3930,CALHOUN
,,N5565,BRANCH
,,P0450,CASS
,,N6415,KALAMAZOO
,,P0728,KALAMAZOO
,,N7071,BERRIEN
,,N7665,BERRIEN
,,N7913,SAINT JOSEPH
,,P0872,SAINT JOSEPH
,,N7708,SAINT JOSEPH
,,N7152,SAINT JOSEPH
,,B8571,SAINT JOSEPH
,,N3074,BERRIEN
,,N7593,BERRIEN
,,N3068,BERRIEN
,,N3070,BERRIEN
,,B7884,BERRIEN
,,N8263,BERRIEN
,,P0012,CASS
,,N5886,CASS
,,N7840,CASS
,,N2990,BERRIEN
,,N6941,BERRIEN
,,N6921,CASS
,,N6827,CASS
,,P0491,BERRIEN
,,P0192,BERRIEN
,,P0062,BERRIEN
,,N6931,BERRIEN
,,N7133,CASS
,,N7557,BERRIEN
,,N7043,BERRIEN
,,N7452,BERRIEN
,,P1072,BERRIEN
,,P0232,BERRIEN
,,P0834,BERRIEN
,,A0083,BERRIEN
,,N0804,BERRIEN
,,P0633,BERRIEN
,,B6352,BERRIEN
,,B2933,JACKSON
,,N7122,JACKSON
,,P0459,JACKSON
,,P1107,JACKSON
,,P0794,JACKSON
,,P0908,JACKSON
,,A1916,JACKSON
,,P0723,JACKSON
,,N0977,JACKSON
,,N8188,JACKSON
,,N3293,JACKSON
,,P0359,JACKSON
,,B1657,JACKSON
,,N3209,JACKSON
,,N6591,JACKSON
,,N5713,JACKSON
,,B2281,JACKSON
,,N7389,LENAWEE
,,P1187,LENAWEE
,,E8117,LENAWEE
,,P0931,LENAWEE
,,N8221,LENAWEE
,,N7360,LENAWEE
,,N6224,LENAWEE
,,P0031,LENAWEE
,,P0971,LENAWEE
,,N7129,CALHOUN
,,N6883,CALHOUN
,,N6880,CALHOUN
,,P0886,JACKSON
,,N5681,JACKSON
,,N1126,CALHOUN
,,N6866,CALHOUN
,,P1049,CALHOUN
,,B8875,LENAWEE
,,P0700,LENAWEE
,,P0743,JACKSON
,,P0793,JACKSON
,,N3765,JACKSON
,,N3631,WASHTENAW
,,N2668,JACKSON
,,N8341,JACKSON
,,N6668,HILLSDALE
,,P0547,CALHOUN
,,P0720,LENAWEE
,,P0769,LENAWEE
,,N6834,HILLSDALE
,,N6997,HILLSDALE
,,B2286,HILLSDALE
,,B5773,HILLSDALE
,,N6564,HILLSDALE
,,P0249,HILLSDALE
,,N7639,JACKSON
,,P1158,LENAWEE
,,B6092,LENAWEE
,,N7481,JACKSON
,,B4311,MONROE
,,P1144,MONROE
,,P0724,MONROE
,,N7976,MONROE
,,N7107,HILLSDALE
,,M3927,HILLSDALE
,,N5916,LENAWEE
,,B4307,JACKSON
,,N6474,INGHAM
,,M4097,INGHAM
,,N8264,INGHAM
,,N8259,INGHAM
,,N3246,LENAWEE
,,N7427,LENAWEE
,,N7283,LENAWEE
,,P0499,LENAWEE
,,N5183,KENT
,,P0546,KENT
,,P0844,KENT
,,N8254,LAKE
,,P1202,LAKE
,,N7846,MECOSTA
,,N3060,MECOSTA
,,N7547,DELTA
,,N7310,NEWAYGO
,,N6582,ISABELLA
,,P0827,KENT
,,N6664,KENT
,,P0828,KENT
,,N6861,KENT
,,N5692,KENT
,,P0391,KENT
,,N2153,KENT
,,N3203,KENT
,,E4437,KENT
,,N3135,KENT
,,N7533,KENT
,,N7230,KENT
,,A2481,KENT
,,N2532,KENT
,,P0511,MECOSTA
,,P0322,NEWAYGO
,,P1093,NEWAYGO
,,P0497,ALLEGAN
,,N8057,MONTCALM
,,N8252,KENT
,,N7407,KENT
,,N6987,KENT
,,N7273,BARRY
,,N6652,MONROE
,,F8470,NEWAYGO
,,N8321,MECOSTA
,,N0849,MECOSTA
,,N5839,KENT
,,P0602,KENT
,,N7555,KENT
,,N3205,KENT
,,P0893,ALLEGAN
,,P1138,ALLEGAN
,,P1207,ALLEGAN
,,P0143,ALLEGAN
,,P0401,ALLEGAN
,,N8272,NEWAYGO
,,B5777,NEWAYGO
,,N7126,NEWAYGO
,,N2085,OTTAWA
,,N7838,OTTAWA
,,P1125,OTTAWA
,,N6929,OTTAWA
,,N6851,OTTAWA
,,N7544,MASON
,,N7473,MASON
,,N1263,ALLEGAN
,,B6261,OTTAWA
,,N1197,OTTAWA
,,B7242,OTTAWA
,,N1818,OTTAWA
,,N3283,OTTAWA
,,N1948,OTTAWA
,,N2033,OTTAWA
,,N7385,OTTAWA
,,N5687,OTTAWA
,,N1185,OTTAWA
,,B7152,OTTAWA
,,B1714,KENT
,,N7818,KENT
,,P0569,KENT
,,N2399,KENT
,,B4113,KENT
,,P0686,ALLEGAN
,,N0547,ALLEGAN
,,P0684,ALLEGAN
,,P0527,OCEANA
,,N7541,OCEANA
,,P0147,OTTAWA
,,P0070,OTTAWA
,,N7761,OTTAWA
,,N3312,OTTAWA
,,P0194,ALLEGAN
,,P0085,OTTAWA
,,M3542,OTTAWA
,,N1290,OTTAWA
,,B4045,OTTAWA
,,N6195,ALLEGAN
,,N8154,ALLEGAN
,,N3355,ALLEGAN
,,P0663,ALLEGAN
,,N7640,OTTAWA
,,P0351,OTTAWA
,,N5797,OTTAWA
,,N6741,OTTAWA
,,N5883,OTTAWA
,,N7144,OTTAWA
,,N8147,OTTAWA
,,N7172,OTTAWA
,,N2330,OTTAWA
,,P0314,OTTAWA
,,N5688,OTTAWA
,,N5226,OTTAWA
,,P0214,OTTAWA
,,P0791,OTTAWA
,,N7756,OTTAWA
,,N7277,KENT
,,N7509,OTTAWA
,,N1743,MASON
,,P0352,MASON
,,N2313,MASON
,,B1914,MUSKEGON
,,N3079,MUSKEGON
,,A4315,MUSKEGON
,,B6635,MUSKEGON
,,N5995,MUSKEGON
,,F7434,MUSKEGON
,,N6561,MUSKEGON
,,N1757,MUSKEGON
,,N7198,MUSKEGON
,,N8091,MUSKEGON
,,N8320,MUSKEGON
,,N8169,MUSKEGON
,,P0319,MUSKEGON
,,N7978,MUSKEGON
,,N5522,MUSKEGON
,,B7175,MUSKEGON
,,B4300,MUSKEGON
,,P0600,MUSKEGON
,,N5330,MUSKEGON
,,N7207,MUSKEGON
,,N5087,MUSKEGON
,,M4227,MUSKEGON
,,N7894,MUSKEGON
,,N7714,MUSKEGON
,,N7027,MUSKEGON
,,N7554,MUSKEGON
,,N1952,MUSKEGON
,,P0630,MUSKEGON
,,N7270,MUSKEGON
,,A5711,OCEANA
,,N8156,OCEANA
,,N7776,MASON
,,P0718,ALLEGAN
,,P1132,MONTCALM
,,P0019,OCEANA
,,P0219,OTTAWA
,,N1627,OTTAWA
,,P0193,KENT
,,P0094,MUSKEGON
,,A5814,OTTAWA
,,N7505,OTTAWA
,,N1970,OTTAWA
,,N7660,OTTAWA
,,N7662,OTTAWA
,,N7664,OTTAWA
,,N7661,OTTAWA
,,N7663,OTTAWA
,,P1183,OTTAWA
,,N7506,OTTAWA
,,P0606,OTTAWA
,,P0151,KENT
,,P0648,KENT
,,N7483,KENT
,,A2464,KENT
,,N8012,KENT
,,P0010,KENT
,,N7254,KENT
,,P0364,KENT
,,B6095,KENT
,,P0737,KENT
,,P1228,KENT
,,N7686,KENT
,,A2533,KENT
,,A2486,KENT
,,N7940,KENT
,,B7037,KENT
,,N5284,KENT
,,N7434,OTTAWA
,,E6807,KENT
,,B5644,KENT
,,A2582,KENT
,,N5898,KENT
,,B2833,KENT
,,B5236,KENT
,,N7855,KENT
,,N6740,KENT
,,A2623,KENT
,,N6442,KENT
,,N8003,KENT
,,N1856,KENT
,,N6194,KENT
,,P0093,KENT
,,P0098,KENT
,,A2465,KENT
,,P0916,KENT
,,N5285,KENT
,,N2787,KENT
,,N7478,KENT
,,P1137,KENT
,,B6196,KENT
,,N1139,KENT
,,N1756,KENT
,,P1156,KENT
,,P0709,KENT
,,P0618,KENT
,,N8197,KENT
,,N7302,KENT
,,P0361,KENT
,,N8194,KENT
,,N8157,KENT
,,N7420,KENT
,,N6814,KENT
,,N6097,KENT
,,N7326,KENT
,,P0402,KENT
,,N7494,SAINT JOSEPH
,,P0104,KENT
,,N6202,KENT
,,P0605,KENT
,,N1455,KENT
,,N7604,KENT
,,P1155,MENOMINEE
,,N1825,KENT
,,P1208,KENT
,,N7534,KENT
,,N6520,KENT
,,A2198,KENT
,,P0253,WEXFORD
,,B4198,WEXFORD
,,P0922,WEXFORD
,,N7293,WEXFORD
,,N2628,WEXFORD
,,N2588,WEXFORD
,,N7275,WEXFORD
,,N7941,WEXFORD
,,N5694,ANTRIM
,,N6500,MANISTEE
,,N7346,BENZIE
,,P0513,BENZIE
,,P0540,BENZIE
,,P0881,LEELANAU
,,P0324,LEELANAU
,,P0655,OSCEOLA
,,N6336,GRAND TRAVERSE
,,P0444,OSCEOLA
,,N6289,BENZIE
,,P1011,MIDLAND
,,P1104,BENZIE
,,P0206,BENZIE
,,N6796,MANISTEE
,,N6078,MANISTEE
,,P1215,KALKASKA
,,P0475,KALKASKA
,,N6465,KALKASKA
,,N7869,GRAND TRAVERSE
,,N7810,MISSAUKEE
,,N7313,MISSAUKEE
,,N5521,OSCEOLA
,,N1965,MANISTEE
,,P0534,LEELANAU
,,B4383,LEELANAU
,,N5498,LEELANAU
,,N7503,LEELANAU
,,P0086,OSCEOLA
,,N6501,GRAND TRAVERSE
,,P0671,WEXFORD
,,P1220,WEXFORD
,,N7903,MANISTEE
,,P1234,KALKASKA
,,P1235,KALKASKA
,,M4163,OSCEOLA
,,B7685,OSCEOLA
,,P1115,GRAND TRAVERSE
,,P0075,GRAND TRAVERSE
,,N8307,GRAND TRAVERSE
,,N8005,GRAND TRAVERSE
,,D5884,GRAND TRAVERSE
,,N6813,GRAND TRAVERSE
,,N3945,GRAND TRAVERSE
,,N7001,GRAND TRAVERSE
,,P0874,GRAND TRAVERSE
,,N7970,OSCEOLA
,,N7902,GRAND TRAVERSE
,,N7259,ALPENA
,,P0505,ALPENA
,,P0507,ALPENA
,,N3501,ALPENA
,,N5141,ALPENA
,,N7266,ALPENA
,,N8087,MONTMORENCY
,,N8217,MONTMORENCY
,,N8216,MONTMORENCY
,,P0096,MONTMORENCY
,,N7876,MONTMORENCY
,,N7765,CHARLEVOIX
,,B4924,MACKINAC
,,A0775,CHARLEVOIX
,,P0536,CHARLEVOIX
,,N7839,CHEBOYGAN
,,N0181,CHEBOYGAN
,,N7018,CHEBOYGAN
,,B2362,CHIPPEWA
,,N6487,CHARLEVOIX
,,N5309,ANTRIM
,,N6052,ANTRIM
,,P0891,ANTRIM
,,N6956,OTSEGO
,,N6918,OTSEGO
,,N7205,OTSEGO
,,M4136,OTSEGO
,,N6211,OTSEGO
,,P1074,OTSEGO
,,P1194,OTSEGO
,,N7184,OTSEGO
,,N7566,ANTRIM
,,A0869,CRAWFORD
,,N6345,KALKASKA
,,P0179,EMMET
,,P0180,EMMET
,,P0181,EMMET
,,P0387,MONTMORENCY
,,P0037,MONTMORENCY
,,N8213,MONTMORENCY
,,P0148,ALPENA
,,N7287,CHEBOYGAN
,,N7286,CHEBOYGAN
,,N7284,OTSEGO
,,N7338,MONTMORENCY
,,N6147,OTSEGO
,,N6122,OTSEGO
,,P0985,OTSEGO
,,N6083,OTSEGO
,,N7536,OTSEGO
,,P0786,ALPENA
,,N7944,MONTMORENCY
,,P0545,MACKINAC
,,N7192,CHIPPEWA
,,N8039,MONTMORENCY
,,N7111,EMMET
,,N7068,EMMET
,,N8145,EMMET
,,B2278,EMMET
,,N3887,EMMET
,,N7105,MACKINAC
,,M1891,PRESQUE ISLE
,,B4925,PRESQUE ISLE
,,N6605,MACKINAC
,,N7124,CHIPPEWA
,,N7919,CHIPPEWA
,,P0074,CHIPPEWA
,,N6640,CHIPPEWA
,,N7918,CHIPPEWA
,,P0393,CHIPPEWA
,,N7262,CHIPPEWA
,,N5215,DICKINSON
,,B1581,DICKINSON
,,P0626,DICKINSON
,,P0095,DICKINSON
,,N3753,DICKINSON
,,N5173,DICKINSON
,,B1582,DICKINSON
,,A0891,DELTA
,,N5111,MENOMINEE
,,N0934,MARQUETTE
,,P0950,MENOMINEE
,,N5647,DELTA
,,D0053,DELTA
,,N2984,DELTA
,,N2563,DELTA
,,P0225,DELTA
,,B1570,DELTA
,,N7220,DELTA
,,B1573,DELTA
,,N6456,DELTA
,,D0066,DELTA
,,N6178,DELTA
,,P0365,DELTA
,,B6259,DELTA
,,N7758,DELTA
,,N7337,DELTA
,,B4931,SCHOOLCRAFT
,,P0004,MARQUETTE
,,N6718,MARQUETTE
,,N6715,MARQUETTE
,,N6725,MARQUETTE
,,N6717,MARQUETTE
,,N6721,MARQUETTE
,,P1110,MARQUETTE
,,M2654,SCHOOLCRAFT
,,P1088,SCHOOLCRAFT
,,P0287,MARQUETTE
,,N6667,MARQUETTE
,,N7162,MARQUETTE
,,B6093,MARQUETTE
,,N5245,MARQUETTE
,,M3792,MARQUETTE
,,N7581,MARQUETTE
,,N0668,MENOMINEE
,,P0332,MENOMINEE
,,N5110,MENOMINEE
,,A3999,MENOMINEE
,,B6341,MENOMINEE
,,N3929,MENOMINEE
,,P1203,MACKINAC
,,N7594,LUCE
,,P1219,LUCE
,,P0468,LUCE
,,N3624,LUCE
,,N7673,DICKINSON
,,N7967,DICKINSON
,,N7447,DELTA
,,N7308,DICKINSON
,,B1583,DICKINSON
,,N8329,MENOMINEE
,,N7789,BARAGA
,,N7959,BARAGA
,,N7917,GOGEBIC
,,N1393,GOGEBIC
,,P1190,GOGEBIC
,,P1218,GOGEBIC
,,P0707,HOUGHTON
,,A1430,HOUGHTON
,,P1008,HOUGHTON
,,P0750,ONTONAGON
,,N7801,HOUGHTON
,,B5440,HOUGHTON
,,N7197,HOUGHTON
,,N8224,HOUGHTON
,,N6575,HOUGHTON
,,N7350,HOUGHTON
,,B8596,HOUGHTON
,,P0627,IRON
,,N3507,IRON
,,N6912,IRON
,,N8303,GOGEBIC
,,N7733,GOGEBIC
,,P0304,GOGEBIC
,,N7371,HOUGHTON
,,N7233,HOUGHTON
,,N6590,BARAGA
,,N6567,ONTONAGON
,,N6612,ONTONAGON
,,N7530,ONTONAGON
,,N8177,GOGEBIC
,,P1039,ONTONAGON
,,P0890,GOGEBIC
,,N6541,GOGEBIC
,,N3508,LAPEER
,,P0228,ROSCOMMON
,,N6621,OAKLAND
,,B5465,OAKLAND
,,A5098,OAKLAND
,,N8025,OAKLAND
,,N2926,SAINT CLAIR
,,P0873,WAYNE
,,P0358,WASHTENAW
,,M4742,WAYNE
,,M4705,WAYNE
,,N7196,WAYNE
,,P0077,WAYNE
,,M4168,WAYNE
,,N7148,GENESEE
,,N7781,SAGINAW
,,F5551,MIDLAND
,,P0091,MIDLAND
,,N1526,BAY
,,N6702,ISABELLA
,,N6706,ISABELLA
,,N6704,ISABELLA
,,N6705,ISABELLA
,,P0805,LIVINGSTON
,,N8293,GRATIOT
,,B1814,MACOMB
,,B8225,LAPEER
,,P0466,KALAMAZOO
,,N0710,INGHAM
,,M2017,INGHAM
,,N2570,KENT
,,N7780,INGHAM
,,N2170,KALAMAZOO
,,N6246,KALAMAZOO
,,N7142,CALHOUN
,,P0970,CALHOUN
,,N8223,CALHOUN
,,P0407,CALHOUN
,,P0417,CALHOUN
,,B4214,CALHOUN
,,N8207,LENAWEE
,,B1661,JACKSON
,,P0469,KENT
,,N6573,OAKLAND
,,B5453,ALLEGAN
,,N8267,MUSKEGON
,,A4238,MUSKEGON
,,M0037,MUSKEGON
,,P0688,CHIPPEWA
,,P1118,SCHOOLCRAFT
,,N6638,KENT
,,N7543,KENT
,,P1200,KENT
,,N6762,KENT
,,A2457,KENT
,,M2315,OTTAWA
,,P1196,GRAND TRAVERSE
,,P1068,GRAND TRAVERSE
,,N5748,GRAND TRAVERSE
,,N6453,GRAND TRAVERSE
,,N1594,CHARLEVOIX
,,B4058,CHARLEVOIX
,,N7508,OTSEGO
,,N6248,OTSEGO
,,P1069,PRESQUE ISLE
,,P0067,DELTA
